{"cameraMode":{"drawMode":0,"name":"Shaded","section":"Shading Mode"},"sceneLighting":true,"audioPlay":false,"sceneViewState":{"m_AlwaysRefresh":false,"showFog":true,"showSkybox":true,"showFlares":true,"showImageEffects":true,"showParticleSystems":true,"showVisualEffectGraphs":true,"m_FxEnabled":true},"in2DMode":false,"pivot":{"x":3.08660888671875,"y":16.981050491333009,"z":-18.367603302001954},"rotation":{"x":-0.10303522646427155,"y":-0.022969484329223634,"z":-0.002379877492785454,"w":0.9944148659706116},"size":4.407680988311768,"orthographic":false}