{"cameraMode":{"drawMode":0,"name":"Shaded","section":"Shading Mode"},"sceneLighting":true,"audioPlay":false,"sceneViewState":{"m_AlwaysRefresh":false,"showFog":true,"showSkybox":true,"showFlares":true,"showImageEffects":true,"showParticleSystems":true,"showVisualEffectGraphs":true,"m_FxEnabled":true},"in2DMode":false,"pivot":{"x":0.8366624116897583,"y":52.93010711669922,"z":-16.29096031188965},"rotation":{"x":0.07419981807470322,"y":0.048751067370176318,"z":-0.003617711365222931,"w":0.9960671067237854},"size":45.70151901245117,"orthographic":false}