{"cameraMode":{"drawMode":0,"name":"Shaded","section":"Shading Mode"},"sceneLighting":true,"audioPlay":false,"sceneViewState":{"m_AlwaysRefresh":false,"showFog":true,"showSkybox":true,"showFlares":true,"showImageEffects":true,"showParticleSystems":true,"showVisualEffectGraphs":true,"m_FxEnabled":true},"in2DMode":false,"pivot":{"x":5.472818851470947,"y":147.4355010986328,"z":-19.996171951293947},"rotation":{"x":0.01822318136692047,"y":0.7497801780700684,"z":-0.020665131509304048,"w":0.6611891388893127},"size":7.191173553466797,"orthographic":false}